Workbook

Sheet Summary
A1: 7+1 repository after the clean-up of 28 October 2026
A2: github.com/once-ere/7plus1, branch main: the state at commit 102f399 (2026-10-28 13:15 PDT)
A4: Item | B4: Value | C4: Where it comes from
A5: Commit described (the latest when the spreadsheet was made) | B5: =Commits!A5 -> 102f399 | C5: Commits, last row
A6: Commits of 28 October 2026 up to the commit described | B6: =COUNTA(Commits!A2:A5) -> 4 | C6: Commits
A7: File changes in these commits | B7: =Commits!E6 -> 206 | C7: Commits, total (a file changed twice counts twice)
A8: Documents (Markdown, LaTeX and PDF each) | B8: =COUNTA(Documents!A2:A31) -> 30 | C8: Documents
A9: PDF pages | B9: =Documents!D32 -> 478 | C9: Documents, total
A10: Loose lines in the first build of 28 October | B10: =Documents!E32 -> 40 | C10: Documents, total
A11: Loose lines after commit 0654dcd | B11: =Documents!F32 -> 12 | C11: Documents, total
A12: Loose lines now | B12: =Documents!G32 -> 0 | C12: Documents, total
A13: Overflowing lines now | B13: =Documents!H32 -> 0 | C13: Documents, total
A14: LaTeX errors now | B14: =Documents!I32 -> 0 | C14: Documents, total
A15: Paragraphs rewritten (display, code block or rewording) | B15: =COUNTIF(Fixes!D2:D19,"Display")+COUNTIF(Fixes!D2:D19,"Code block")+COUNTIF(Fixes!D2:D19,"Reworded") -> 16 | C15: Fixes
A16: Check programs | B16: =COUNTA(Checks!A2:A13) -> 12 | C16: Checks
A17: Check programs that exit with 0 | B17: =COUNTIF(Checks!C2:C13,0) -> 12 | C17: Checks
A18: Results reported True by the programs | B18: =Checks!D14 -> 504 | C18: Checks, total
A19: Results reported False by the programs | B19: =Checks!E14 -> 0 | C19: Checks, total
A20: Checks in the notebook 7+1.nb | B20: =Checks!B17 -> 479 | C20: Checks, the notebook
A21: Notebook checks that returned True | B21: =Checks!B18 -> 479 | C21: Checks, the notebook
A22: Notebook message (error) cells | B22: =Checks!B21 -> 0 | C22: Checks, the notebook
A23: Markdown and LaTeX files identical after a fresh rebuild | B23: =Checks!B30&" of "&Checks!B29 -> 60 of 60 | C23: Checks, fresh clone
A24: PDFs with the same text and page count after a fresh rebuild | B24: =Checks!B32&" of "&Checks!B31 -> 30 of 30 | C24: Checks, fresh clone
A25: Private files on GitHub | B25: =COUNTIF('Private files'!C2:C5,"Yes") -> 0 | C25: Private files
A27: Every value in column B is a formula that reads the other sheets.

Sheet Commits
A1: Commit | B1: Date and time (PDT) | C1: Title | D1: What it contains | E1: Files changed | F1: Lines added | G1: Lines removed
A2: 0654dcd | B2: 46323.41 | C2: Sections 25-26: the auxiliary torus, the world brane, and the radion on the 4-torus and the 4-sphere | D2: Sections 25–26 of 7+1.nb and the AUXILIARY_TORUS, WORLD_BRANE and RADION documents (each with its symbols and provenance files) | E2: 122 | F2: 24996 | G2: 4890
A3: 54862f0 | B3: 46323.427 | C3: Documentation tools: keep the evaluation record in tools/eval_log_7p1.txt for fresh-clone rebuilds | D3: The record of the evaluation of 7+1.nb, kept in the repository so that a fresh clone rebuilds the documents identically | E3: 12 | F3: 66 | G3: 19
A4: 93c500f | B4: 46323.528 | C4: Documentation: no loose lines left in any PDF; long file names and hashes may break | D4: The clean-up of the loose lines of the documents | E4: 44 | F4: 210 | G4: 93
A5: 102f399 | B5: 46323.552 | C5: Documentation: count every check of tools/ref_coupled.py and tools/ref_torus_brane.py | D5: Corrected check counts (50 and 38 instead of 49 and 37), found while this spreadsheet was being prepared | E5: 28 | F5: 374 | G5: 355
A6: Total | E6: =SUM(E2:E5) -> 206 | F6: =SUM(F2:F5) -> 25646 | G6: =SUM(G2:G5) -> 5357
A8: Source: git log and git show --shortstat of github.com/once-ere/7plus1, branch main. A file changed in two commits is counted in both. Commit 102f399 corrects two check counts that were found while this spreadsheet was being prepared; the spreadsheet and its documents were added in the next commit.

Sheet Documents
A1: Document | B1: Kind | C1: Covers (sections of 7+1.nb) | D1: Pages | E1: Loose lines, first build of 28 Oct | F1: Loose lines after 0654dcd | G1: Loose lines now | H1: Overflowing lines now | I1: LaTeX errors now | J1: Changed by 93c500f | K1: Changed by 102f399
A2: README | B2: Main | C2: 0–27 (the whole notebook) | D2: 32 | E2: 4 | F2: 0 | G2: 0 | H2: 0 | I2: 0 | J2: No | K2: Yes
A3: README_SYMBOLS | B3: Symbols | C3: 0–27 (the whole notebook) | D3: 13 | E3: 0 | F3: 0 | G3: 0 | H3: 0 | I3: 0 | J3: No | K3: No
A4: README_PROVENANCE | B4: Provenance | C4: 0–27 (the whole notebook) | D4: 66 | E4: 11 | F4: 1 | G4: 0 | H4: 0 | I4: 0 | J4: Yes | K4: Yes
A5: DIRAC16COMPLEX | B5: Main | C5: 7–10 | D5: 22 | E5: 2 | F5: 1 | G5: 0 | H5: 0 | I5: 0 | J5: Yes | K5: No
A6: DIRAC16COMPLEX_SYMBOLS | B6: Symbols | C6: 7–10 | D6: 15 | E6: 0 | F6: 0 | G6: 0 | H6: 0 | I6: 0 | J6: No | K6: No
A7: DIRAC16COMPLEX_PROVENANCE | B7: Provenance | C7: 7–10 | D7: 27 | E7: 6 | F7: 1 | G7: 0 | H7: 0 | I7: 0 | J7: Yes | K7: Yes
A8: GRAVITY | B8: Main | C8: 11–14 | D8: 19 | E8: 1 | F8: 1 | G8: 0 | H8: 0 | I8: 0 | J8: Yes | K8: No
A9: GRAVITY_SYMBOLS | B9: Symbols | C9: 11–14 | D9: 8 | E9: 0 | F9: 0 | G9: 0 | H9: 0 | I9: 0 | J9: No | K9: No
A10: GRAVITY_PROVENANCE | B10: Provenance | C10: 11–14 | D10: 15 | E10: 4 | F10: 1 | G10: 0 | H10: 0 | I10: 0 | J10: Yes | K10: No
A11: KOHN_SHAM_GRAVITY | B11: Main | C11: 15–16 | D11: 9 | E11: 0 | F11: 0 | G11: 0 | H11: 0 | I11: 0 | J11: No | K11: No
A12: KOHN_SHAM_GRAVITY_SYMBOLS | B12: Symbols | C12: 15–16 | D12: 5 | E12: 0 | F12: 0 | G12: 0 | H12: 0 | I12: 0 | J12: No | K12: No
A13: KOHN_SHAM_GRAVITY_PROVENANCE | B13: Provenance | C13: 15–16 | D13: 8 | E13: 1 | F13: 1 | G13: 0 | H13: 0 | I13: 0 | J13: Yes | K13: No
... A31: RADION_PROVENANCE | B31: Provenance | C31: 26 | D31: 12 | E31: 0 | F31: 0 | G31: 0 | H31: 0 | I31: 0 | J31: No | K31: No
A32: Total (30 documents) | D32: =SUM(D2:D31) -> 478 | E32: =SUM(E2:E31) -> 40 | F32: =SUM(F2:F31) -> 12 | G32: =SUM(G2:G31) -> 0 | H32: =SUM(H2:H31) -> 0 | I32: =SUM(I2:I31) -> 0 | J32: =COUNTIF(J2:J31,"Yes") -> 11 | K32: =COUNTIF(K2:K31,"Yes") -> 9
A34: Sources: the LaTeX logs of tools/make_docs.py. "First build of 28 Oct": the first full build of the documents on 28 October 2026, before commit 0654dcd; "after 0654dcd": the rebuild of a fresh clone of 0654dcd; "now": the rebuild of a fresh clone of 102f399. Pages: pdfinfo. A loose line is an underfull line (TeX badness above 1000); an overflowing line is an overfull one.

Sheet Fixes
A1: # | B1: Document | C1: Section of the document | D1: How | E1: Change | F1: Commit
A2: 1 | B2: all 30 documents | C2: — | D2: Line breaking | E2: Code may break after / and _ and \, long hashes every 8 characters; headings are set ragged right | F2: 0654dcd
A3: 2 | B3: README | C3: 12.4 The nine-channel self-coupling and Kohn–Sham theory in gravitational fields | D3: Display | E3: The definitions of Θ^K, σ_r and Θ_K | F3: 0654dcd
A4: 3 | B4: DIRAC16COMPLEX_PROVENANCE | C4: 3.4 Grassmann algebra, quantization and the canonical anticommutators | D4: Display | E4: The product and the left derivative of the Grassmann algebra | F4: 0654dcd
A5: 4 | B5: GRAVITY_PROVENANCE | C5: 2.2 The reference notebook Einstein-Lovelock-7+1-Nash.nb | D5: Code block | E5: The xAct definitions CD = LC[g], RiemannCD, RicciCD, RicciScalarCD, EinsteinCD | F5: 0654dcd
A6: 5 | B6: STANDARD_MODEL_PROVENANCE | C6: 4. Derivations | D6: Display | E6: The mixing angle in matter (MSW) | F6: 0654dcd
A7: 6 | B7: COUPLED_SOLUTIONS_PROVENANCE | C7: 4. Derivations | D7: Display | E7: The mode equation of pair creation | F7: 0654dcd
A8: 7 | B8: COUPLED_SOLUTIONS | C8: 4. The coupled field equations and the energy–momentum tensors | D8: Display | E8: The minisuperspace action and the identities of its variation | F8: 93c500f
A9: 8 | B9: COUPLED_SOLUTIONS_PROVENANCE | C9: 4. Derivations | D9: Display | E9: The comoving energy of one massless particle; the minisuperspace action and its identities | F9: 93c500f
A10: 9 | B10: DARK_SECTOR | C10: 6.1 From the solutions of regimes I and II: overproduction | D10: Display | E10: The Einstein-frame mass of a Kaluza–Klein level and its coupling to the radion, g_n = |dM_E/dφ| | F10: 93c500f
A11: 10 | B11: DIRAC16COMPLEX | C11: 6.2 Mode expansion and canonical anticommutators | D11: Display | E11: The five momenta of the exact mode sum | F11: 93c500f
A12: 11 | B12: DIRAC16COMPLEX_PROVENANCE | C12: 3.3 Real plane-wave spinors | D12: Display | E12: The orthogonal matrix U of the spinors and U^T h U | F12: 93c500f
A13: 12 | B13: GRAVITY | C13: 9. How to reproduce | D13: Reworded | E13: The generator command and its files | F13: 93c500f
... A19: 18 | B19: 8 documents: README, README_PROVENANCE, COUPLED_SOLUTIONS, AUXILIARY_TORUS and WORLD_BRANE, and the provenance files of the last three | C19: — | D19: Correction | E19: Every check of tools/ref_coupled.py (50) and tools/ref_torus_brane.py (38) is now counted and listed; before, 49 and 37. A ninth document, DIRAC16COMPLEX_PROVENANCE, changed only in the SHA-256 of tools/doc_stage3_common.py that it records | F19: 102f399
A21: Every rewritten paragraph keeps its content: long inline formulas were moved into displayed equations, or the sentence was reworded so that TeX can break its lines evenly.

Sheet Checks
A1: Program | B1: What it checks | C1: Exit code | D1: Results reported True | E1: Results reported False | F1: Verdict
A2: tools/verify_7p1_nb.py | B2: The evaluated 7+1.nb: every check output, the printed numbers against the Python programs, the earlier sections against their backups | C2: 0 | D2: 54 | E2: 0 | F2: All cross-checks passed
A3: tools/ref44.py | B3: Rebuilds the objects of 4+4.nb | C3: 0 | D3: 10 | E3: 0 | F3: All printed results True
A4: tools/ref71.py | B4: Rebuilds the octonions and the Clifford matrices of 7+1.nb | C4: 0 | D4: 25 | E4: 0 | F4: All printed results True
A5: tools/extra71.py | B5: Further identities: boosts, rotations, the classification of the nine signatures, real solutions | C5: 0 | D5: 23 | E5: 0 | F5: All printed results True
A6: tools/ref_dirac16.py | B6: Sections 7–9: dirac16complex, Kohn–Sham, chiral Kohn–Sham | C6: 0 | D6: 90 | E6: 0 | F6: All checks passed
A7: tools/ref_gravity.py | B7: Sections 11–14: gravity | C7: 0 | D7: 101 | E7: 0 | F7: All checks passed
A8: tools/ref_ks_gravity.py | B8: Sections 15–16: Kohn–Sham theory in gravitational fields | C8: 0 | D8: 29 | E8: 0 | F8: All checks passed
A9: tools/ref_sm.py | B9: Sections 17–19: the Standard Model | C9: 0 | D9: 33 | E9: 0 | F9: All checks passed
A10: tools/ref_coupled.py | B10: Sections 20–23: the coupled field equations and their solutions | C10: 0 | D10: 50 | E10: 0 | F10: All checks passed
A11: tools/ref_dark.py | B11: Section 24: the dark sector | C11: 0 | D11: 20 | E11: 0 | F11: All checks passed
A12: tools/ref_torus_brane.py | B12: Section 25: the auxiliary torus and the world brane | C12: 0 | D12: 38 | E12: 0 | F12: All checks passed
A13: tools/ref_radion.py | B13: Section 26: the radion | C13: 0 | D13: 31 | E13: 0 | F13: All checks passed
A14: Total (12 programs) | B14: =COUNTIF(C2:C13,0)&" of 12 programs exit with code 0" -> 12 of 12 programs exit with code 0 | D14: =SUM(D2:D13) -> 504 | E14: =SUM(E2:E13) -> 0
A16: The notebook 7+1.nb
A17: Checks in the notebook | B17: 479
A18: Checks that returned True | B18: 479
A19: … printed where they stand | B19: 443
A20: … made by frameChecks (section 13.1), printed by the summary table | B20: 36
A21: Message (error) cells | B21: 0
A22: Input cells | B22: 189
A23: Output cells | B23: 554
A24: Evaluation time (seconds) | B24: 283.883
A25: Wolfram version | B25: 15.0.1 for Microsoft Windows (64-bit), fresh kernel
A27: Fresh clone of 102f399, rebuilt from scratch
A28: Files tracked in the repository | B28: 184
A29: Markdown and LaTeX files compared | B29: 60
A30: … identical byte for byte | B30: 60
A31: PDFs compared | B31: 30
A32: … with the same text and page count | B32: 30
A33: Documents with layout problems | B33: 0
A34: Other files changed by the rebuild | B34: 0
A36: Sources: the outputs of the programs in the rebuild of a fresh clone (build/docs/runs.json); "Results reported True" counts the lines of each output that end in ": True" or in "(True)", "Results reported False" those that end in ": False" or in "(False)". The notebook was evaluated on 2026-10-28 08:57:47 PDT (tools/eval_log_7p1.txt).

Sheet Private files
A1: File | B1: What it is | C1: On GitHub? | D1: How it is kept out
A2: The radion note (PDF) | B2: A PDF printout of the author’s e-mail of 28 October 2026 on the radion | C2: No | D2: Listed in .git/info/exclude on the author’s computer
A3: The vielbein notes (PDF) | B3: A PDF printout of the author’s private notes on vielbeins in n dimensions | C3: No | D3: Listed in .git/info/exclude on the author’s computer
A4: A third private PDF | B4: Private working material of the author | C4: No | D4: Listed in .gitignore
A5: .gitignore | B5: The ignore rules of the repository | C5: No | D5: Lists itself
A7: Source: git ls-files of a fresh clone of 102f399.
